"cust.ID	age-band 	Debt.To.Income.Ratio",
"84563	25-39	0!",
"78765	25-40	13.76!",
"24590	25-41	8.77!",
"9061	25-42	12.24!",
"47011	25-43	16.41!",
"21789	25-44	29.82!",
"29653	25-45	12.69!",
"100440		19.22!",
"88526	30-40	14.78!",
"101715	30-40	10.36!",
"103374	30-40	10.17!",
"77844	30-40	33.43!",
"75012	30-40	19.16!",
"73179	30-40	8.83!",
"3162	30-40	9.77!",
"2386	30-40	5.59!",
"57120	30-40	29.26!",
"99360	30-40	14.88!",
"54619	30-40	12.06!",
"50633	30-40	14.22 !",
"48560	30-40	11.08!",
"2148	30-40	8.57!",
"10441	30-40	13.98!",
"103448	30-40	20.3!",
"14052	30-40	11.78!",
"13863	30-40	0.6!",
"81254	30-40	9.3!",
"61835	30-40	31.12!",
"51625	30-40	12.46!",
"18629	30-40	5.62!",
"73376	30-40	1.7!",
"34961	30-40	13.79!",
"103249	30-40	22.81!",
"82112	30-40	14.66!",
"457	30-40	18.52!",
"11779	30-40	10.77!",
"34144	30-40	11.27!",
"95951	30-40	6.1!",
"1034	30-40	1.92!",
"2645	30-40	3.89!",
"28738	30-40	20.24!",
"30600	30-40	15.24!",
"72499	30-40	27.88!",
"22700	30-40	23.05!",
"63404	30-40	33.56!",
"102234	30-40	15.71!",
"84318	30-40	21!",
"71538	30-40	19.58!",
"7603	30-40	18.99!",
"69401	30-40	25.32!",
"60968	30-40	13.34!",
"10326	30-40	15.17!",
"57472	30-40	33.3!",
"7565	30-40	5.16!",
"84273	30-40	11.31!",
"22150	30-40	8.74!",
"46024	30-40	4.81!",
"15315	30-40	21.23!",
"49872	30-40	15.93!",
"84917	30-40	18.96!",
"103250	30-40	2.67!",
"17315	30-40	17.92!",
"28032	30-40	5.26!",
"74945	30-40	19.92!",
"33225	30-40	19.26!",
"38534	30-40	24.24!",
"45644	30-40	18.31!",
"77074	30-40	30.95!",
"44426	30-40	13.87!",
"47862	30-40	13.64!",
"5465	30-40	8.89!",
"81174	30-40	14.9!",
"88558	30-40	16.71!",
"3219	30-40	11.81!",
"33641	30-40	10.34!",
"51326	30-40	14.75!",
"79041	30-40	26.96!",
"103384	30-40	11.21!",
"26867	30-40	8.37!",
"69249	30-40	17.37!",
"20592	30-40	23.15!",
"59206	30-40	21.84!",
"48554	30-40	1.3!",
"59160	30-40	16.43!",
"93455	30-40	15.51!",
"13393	30-40	9.22!",
"1670	30-40	17.59!",
"27520	30-40	17.95!",
"19466	30-40	11.71!",
"65134	30-40	16.46!",
"82079	30-40	20.16!",
"58346	30-40	20.44!",
"8692	30-40	12.5!",
"10594	30-40	3.9!",
"38373	30-40	14.98!",
"50781	30-40	21.54!",
"16414	30-40	13.94!",
"77151	30-40	15.71!",
"59011	30-40	5.95!",
"27095	30-40	22.26!",
"77494	30-40	33.42!",
"16667	30-40	15.79!",
"100288	30-40	32.76!",
"48798	30-40	6.71!",
"75168	30-40	17.4!",
"28368	30-40	22.53!",
"40027	30-40	19.53!",
"89600	30-40	16.73!",
"61261	30-40	2.83!",
"6521	30-40	13.42!",
"99297	30-40	27.88!",
"89582	30-40	10.79!",
"44626	30-40	14.72!",
"75067	30-40	11.05!",
"5468	30-40	1.58!",
"89627	30-40	29.01!",
"37585	30-40	17.21!",
"28205	30-40	6.3!",
"90531	30-40	17.95!",
"92989	30-40	9.41!",
"1269	30-40	14.77!",
"85464	30-40	4.48!",
"41523	30-40	2.23!",
"63133	30-40	15.64!",
"36576	30-40	22.03!",
"43572	30-40	22.1!",
"55803	30-40	5.9!",
"19636	30-40	12.13!",
"53054	30-40	17.37!",
"75785	30-40	10.47!",
"69242	30-40	9.05!",
"39692	30-40	14.61!",
"45245	30-40	6.68!",
"28326	30-40	13.71!",
"41074	30-40	12.33!",
"68962	30-40	13.26!",
"16221	30-40	6.41!",
"77324	30-40	32.56!",
"84110	30-40	20.95!",
"8549	30-40	17.04!",
"36716	30-40	9.53!",
"104040	30-40	12.05!",
"55501	30-40	4.51!",
"47059	30-40	17.51!",
"41413	30-40	22.64!",
"12958	30-40	16.98!",
"28280	30-40	23.18!",
"85721	30-40	18.72!",
"46056	30-40	5.63!",
"15164	30-40	8.91!",
"30840	30-40	16.16!",
"32593	30-40	1.99!",
"25133	30-40	21.46!",
"47228	30-40	15.5!",
"52698	30-40	6.58!",
"40113	30-40	23.02!",
"103784	30-40	20.5!",
"37291	30-40	16.06!",
"35615	30-40	17.98!",
"73893	30-40	15.22!",
"1337	30-40	1.84!",
"80404	30-40	9!",
"64690	30-40	22.5!",
"51424	30-40	20.18!",
"39094	30-40	26.06!",
"72766	30-40	13.1!",
"53648	30-40	2.93!",
"45836	30-40	18.38!",
"80219	30-40	20.11!",
"92363	30-40	27.59!",
"9468	30-40	5.1!",
"9244	30-40	20.73!",
"33068	30-40	20.72!",
"80059	30-40	23.81!",
"63941	30-40	17.4!",
"10642	30-40	16.87!",
"60761	30-40	12.04!",
"46017	30-40	13.14!",
"72670	30-40	21.21!",
"73765	30-40	11.8!",
"66710	30-40	30.62!",
"91334	30-40	19.59!",
"81620	30-40	27.69!",
"52405	30-40	4.9!",
"26369	30-40	21.11!",
"83058	30-40	34.41!",
"9885	30-40	18.73!",
"85272	30-40	8.61!",
"83505	30-40	26.14!",
"80200	30-40	25.91!",
"88893	30-40	3.01!",
"102595	30-40	1.03!",
"46350	30-40	11.23!",
"93551	30-40	11.31!",
"32249	30-40	9!",
"72604	30-40	30.24!",
"37383	30-40	20.03!",
"33155	30-40	9.67!",
"46059	30-40	15.69!",
"2768	30-40	22.3!",
"13767	30-40	16.69!",
"61703	30-40	30.4!",
"63256	30-40	15.23!",
"647	30-40	10.42!",
"4750	30-40	8.34!",
"11084	30-40	6.99!",
"32628	30-40	8.93!",
"96514	30-40	4.68!",
"34367	30-40	20.7!",
"78618	30-40	16.21!",
"54880	30-40	11.66!",
"68413	30-40	28.39!",
"70321	30-40	8.61!",
"21203	30-40	10.59!",
"71540	30-40	16.48!",
"8698	30-40	2.14!",
"60192	30-40	3.98!",
"62403	30-40	20.05!",
"33557	30-40	11.79!",
"80041	30-40	25.49!",
"14469	30-40	8.84!",
"14213	30-40	20.7!",
"91173	30-40	1.79!",
"55690	30-40	23.8!",
"12951	30-40	14.84!",
"2891	30-40	6.82!",
"24464	30-40	6.39!",
"47998	30-40	16.14!",
"30184	30-40	8.7!",
"75793	30-40	12.49!",
"56674	30-40	17!",
"41282	30-40	13.18!",
"55924	30-40	20.37!",
"84283	30-40	27.71!",
"101158	30-40	10.67!",
"38741	30-40	10.61!",
"20799	30-40	6.8!",
"3414	30-40	4.89!",
"102270	30-40	18.96!",
"60439	30-40	7.23!",
"13020	30-40	11.37!",
"72919	30-40	14.11!",
"103835	30-40	17.71!",
"85172	30-40	13.03!",
"77251	30-40	2.85!",
"76916	30-40	12.86!",
"41828	30-40	23.18!",
"20782	30-40	7.02!",
"98493	30-40	25.33!",
"7167	30-40	16.04!",
"38073	30-40	17!",
"104101	30-40	14.43!",
"83841	30-40	24.98!",
"1973	30-40	12.42!",
"93403	30-40	12.35!",
"3112	30-40	8.21!",
"29283	30-40	12.85!",
"29410	30-40	24.74!",
"43053	30-40	25.03!",
"27048	30-40	20.81!",
"45941	30-40	21.82!",
"47764	30-40	2.93!",
"45427	30-40	2.13!",
"62900	30-40	5.65!",
"73978	30-40	5.46!",
"96780	30-40	19.56!",
"30070	30-40	1.69!",
"29858	30-40	20.1!",
"26457	30-40	14.01!",
"13181	30-40	8.91!",
"65055	30-40	20.07!",
"84897	30-40	20.82!",
"14831	30-40	11.15!",
"6128	30-40	18.6!",
"4909	30-40	19.1!",
"77887	30-40	14.69!",
"7002	30-40	9.17!",
"59271	30-40	10.99!",
"5724	30-40	13.42!",
"60151	30-40	2.21!",
"53424	30-40	14.89!",
"34650	30-40	28.63!",
"96988	30-40	7.56!",
"87513	30-40	3.94!",
"45047	30-40	10.75!",
"23575	30-40	11.72!",
"2164	30-40	16.52!",
"3591	30-40	23.8!",
"20785	30-40	19.43!",
"65776	30-40	18.24!",
"41200	30-40	13.07!",
"66429	30-40	1.92!",
"71481	30-40	13.37!",
"32985	30-40	10.97!",
"49619	30-40	23.88!",
"12150	30-40	1.5!",
"54131	30-40	21.31!",
"39492	30-40	8.69!",
"94232	30-40	20.51!",
"98621	30-40	8.48!",
"73371	30-40	8.43!",
"30397	30-40	11.16!",
"64262	30-40	33.12!",
"71492	30-40	15.82!",
"88920	30-40	33.9!",
"91571	30-40	16.24!",
"57430	30-40	16.04!",
"77113	30-40	27.41!",
"98787	30-40	13.99!",
"72539	30-40	8.95!",
"71247	30-40	29.45!",
"4644	30-40	0.48!",
"98762	30-40	12.94!",
"100313	30-40	34.06!",
"38905	30-40	7.75!",
"86747	30-40	31.71!",
"90712	30-40	8.02!",
"52440	30-40	18.55!",
"70424	30-40	17.12!",
"19701	30-40	16.98!",
"27710	30-40	0!",
"16631	30-40	22.47!",
"102645	30-40	14.68!",
"36706	30-40	12.07!",
"78789	30-40	17.4!",
"32191	30-40	9.35!",
"72346	30-40	11.32!",
"45097	30-40	8.99!",
"73434	30-40	26.7!",
"77867	30-40	24.25!",
"78519	30-40	4.61!",
"16597	30-40	22.13!",
"12007	30-40	20.85!",
"98373	30-40	19.01!",
"7255	30-40	14.79!",
"70443	30-40	11.08!",
"39439	30-40	13.09!",
"74388	30-40	13.11!",
"26822	30-40	13.86!",
"46097	30-40	19.23!",
"73614	30-40	14.52!",
"56643	30-40	18.42!",
"12248	30-40	4.05!",
"21508	30-40	5.74!",
"61143	30-40	6.16!",
"84593	30-40	15.33!",
"59886	30-40	30.71!",
"77363	30-40	34.91!",
"60963	30-40	9.55!",
"14044	30-40	14.43!",
"99706	30-40	21.8!",
"92795	30-40	26.54!",
"62884	30-40	7.95!",
"37863	30-40	17.86!",
"40856	30-40	4.48!",
"40489	30-40	5.81!",
"88273	30-40	10.89!",
"51379	30-40	21.11!",
"59279	30-40	5.59!",
"28189	30-40	11.34!",
"52129	30-40	6.51!",
"50817	30-40	16.78!",
"101798	30-40	20.56!",
"34591	30-40	2.55!",
"75818	30-40	16.59!",
"988	30-40	7.17!",
"94218	30-40	18.52!",
"12860	30-40	12.86!",
"21867	30-40	9.2!",
"28518	30-40	21.04!",
"60875	30-40	5.42!",
"60688	30-40	26.53!",
"92717	30-40	7.96!",
"36283	30-40	21.69!",
"27572	30-40	21.16!",
"16548	30-40	8.08!",
"74632	30-40	18.61!",
"15083	30-40	8.33!",
"96700	30-40	20.62!",
"78382	30-40	4.36!",
"11185	30-40	0.72!",
"30824	30-40	19.52!",
"47097	30-40	12.13!",
"97364	30-40	15.64!",
"80353	30-40	24.51!",
"57190	30-40	28.28!",
"83869	30-40	20.46!",
"30718	30-40	10.63!",
"88084	30-40	15.91!",
"89884	30-40	3.98!",
"38688	30-40	8.07!",
"9020	30-40	4.8!",
"23710	30-40	19.25!",
"5062	30-40	15.28!",
"19695	30-40	22.72!",
"28147	30-40	23.25!",
"96371	30-40	20.07!",
"96693	30-40	18.33!",
"69885	30-40	4.94!",
"34440	30-40	4.73!",
"90560	30-40	14.27!",
"65889	30-40	9.33!",
"62747	30-40	31.34!",
"102138	30-40	16.72!",
"79820	30-40	13.83!",
"9162	30-40	22.14!",
"8382	30-40	18.04!",
"86783	30-40	10.08!",
"70606	30-40	7.14!",
"14407	30-40	14.65!",
"65335	30-40	7.78!",
"70177	30-40	19.98!",
"2868	30-40	11.55!",
"3768	30-40	9.41!",
"3962	30-40	10.45!",
"31995	30-40	10.3!",
"10737	30-40	3!",
"98671	30-40	24.45!",
"86099	30-40	11.19!",
"7816	30-40	17.51!",
"57483	30-40	7.75!",
"18088	30-40	21.36!",
"91412	30-40	10.75!",
"22667	30-40	24.17!",
"41426	30-40	11.95!",
"52333	30-40	17.08!",
"101800	30-40	24.59!",
"55598	30-40	22.48!",
"82435	30-40	34.74!",
"69446	30-40	32.1!",
"9349	30-40	19.88!",
"94792	30-40	6.74!",
"20367	30-40	9.54!",
"99867	30-40	22.74!",
"19321	30-40	12.32!",
"101907	30-40	12.77!",
"66132	30-40	13.13!",
"53762	30-40	7.97!",
"90239	30-40	6.07!",
"76933	30-40	17.16!",
"75321	30-40	14.02!",
"86117	30-40	17.07!",
"23566	30-40	9.9!",
"89511	30-40	24.74!",
"48808	30-40	26.09!",
"56404	30-40	17.04!",
"68999	30-40	11.21!",
"94994	30-40	20.98!",
"40131	30-40	14.88!",
"92024	30-40	11.12!",
"36837	30-40	15.87!",
"79248	30-40	19.61!",
"61123	30-40	4.16!",
"93253	30-40	29.55!",
"88420	30-40	10.61!",
"1342	30-40	0.33!",
"240	30-40	3.66!",
"42222	30-40	4.02!",
"6712	30-40	10.81!",
"5923	30-40	2.19!",
"14958	30-40	4!",
"98141	30-40	26.32!",
"70193	30-40	24.78!",
"82882	30-40	20.26!",
"61576	30-40	16.93!",
"19255	30-40	16.15!",
"50874	30-40	11.86!",
"5166	30-40	3.65!",
"45994	30-40	13.67!",
"27317	30-40	23.97!",
"71470	30-40	28.8!",
"88845	30-40	16.58!",
"6211	30-40	21.28!",
"62740	30-40	15.14!",
"65443	30-40	9.31!",
"22659	30-40	9.55!",
"12015	30-40	12.2!",
"74206	30-40	18.82!",
"80944	30-40	30.97!",
"6011	30-40	21.88!",
"43999	30-40	12.8!",
"9839	30-40	12.51!",
"67421	30-40	7.97!",
"64020	30-40	32.21!",
"3158	30-40	13.06!",
"61683	30-40	15.02!",
"101340	30-40	12.89!",
"58359	30-40	17.79!",
"61151	30-40	34.56!",
"43056	30-40	22.24!",
"57727	30-40	6.51!",
"48319	30-40	10.02!",
"4537	30-40	11.55!",
"23087	30-40	16.44!",
"85008	30-40	25.48!",
"73664	30-40	6.91!",
"26886	30-40	9.46!",
"98321	30-40	10.55!",
"37386	30-40	24.12!",
"104012	30-40	7.43!",
"101002	30-40	28.84!",
"100217	30-40	27.06!",
"80275	30-40	10.2!",
"88001	30-40	9.33!",
"58595	30-40	3.18!",
"45529	30-40	7.24!",
"53780	30-40	14.82!",
"18439	30-40	0.58!",
"64307	30-40	18.81!",
"22312	30-40	19.45!",
"67672	30-40	6.46!",
"84633	30-40	3.11!",
"72220	30-40	15.95!",
"45525	30-40	0.62!",
"77606	30-40	28.54!",
"18362	30-40	7.53!",
"88279	30-40	28.87!",
"59735	30-40	21.54!",
"15274	30-40	18.35!",
"10176	30-40	10.76!",
"68176	30-40	22.45!",
"23911	30-40	16.89!",
"37380	30-40	5.33!",
"103512	30-40	13.4!",
"11258	30-40	11.39!",
"18916	30-40	20.17!",
"68113	30-40	29.48!",
"45225	30-40	3.45!",
"7752	30-40	21.03!",
"44054	30-40	9.16!",
"102374	30-40	18.08!",
"96613	30-40	19.63!",
"21574	30-40	16.8!",
"101208	30-40	14.19!",
"39590	30-40	11.77!",
"41014	30-40	8.6!",
"54201	30-40	14.74!",
"88031	30-40	12.93!",
"99787	30-40	30.36!",
"67649	30-40	23.59!",
"74713	30-40	3.25!",
"54692	30-40	3.58!",
"68406	30-40	9.16!",
"76218	30-40	23.36!",
"12895	30-40	17.55!",
"30497	30-40	7.77!",
"57456	30-40	20.15!",
"27671	30-40	21.7!",
"77149	30-40	17.82!",
"63971	30-40	33.47!",
"33181	30-40	17.1!",
"92244	30-40	19.3!",
"96798	30-40	3.23!",
"27764	30-40	10.23!",
"51684	30-40	12.99!",
"2882	30-40	13.16!",
"42555	30-40	5.02!",
"41287	30-40	7.65!",
"47488	30-40	20.8!",
"40094	30-40	15.98!",
"46021	30-40	9!",
"79106	30-40	24.82!",
"NA	30-40	16.58!",
"20309	30-40	18.78!",
"39481	30-40	5.5!",
"9115	30-40	10.25!",
"84592	30-40	9.07!",
"80956	30-40	24.65!",
"102295	30-40	0.47!",
"91426	30-40	20.68!",
"4873	30-40	17.46!",
"83586	30-40	20.25!",
"42743	30-40	20.99!",
"325	30-40	10.37!",
"99898	30-40	32.2!",
"7254	30-40	17.15!",
"74613	30-40	19.97!",
"25767	30-40	5.2!",
"23214	30-40	9.28!",
"98634	30-40	18.67!",
"83570	30-40	26.56!",
"29775	30-40	7.9!",
"21900	30-40	20.32!",
"62763	30-40	3.82!",
"48676	30-40	16.76!",
"5511	30-40	15.88!",
"32601	30-40	6.43!",
"52823	30-40	23.89!",
"46870	30-40	29.51!",
"38826	30-40	3.9!",
"587	30-40	20.93!",
"76450	30-40	19!",
"17877	30-40	14.12!",
"5880	30-40	0.17!",
"224	30-40	12.81!",
"5858	30-40	17.44!",
"87620	30-40	17.11!",
"99541	30-40	15!",
"10356	30-40	13.71!",
"74944	30-40	27.56!",
"63	30-40	5.24!",
"43623	30-40	18.41!",
"8773	30-40	12.21!",
"76320	30-40	16.08!",
"70800	30-40	25.01!",
"25665	30-40	6.64!",
"74054	30-40	19.16!",
"40139	30-40	12.79!",
"68829	30-40	19.41!",
"14152	30-40	18.41!",
"36134	30-40	20.18!",
"21504	30-40	13.26!",
"95827	30-40	27.96!",
"91018	30-40	19.26!",
"29754	30-40	6.01!",
"94912	30-40	23.27!",
"10205	30-40	2.88!",
"93352	30-40	19.71!",
"6711	30-40	8.12!",
"41102	30-40	15.13!",
"71634	30-40	17.82!",
"66430	30-40	15.56!",
"47163	30-40	12.52!",
"11835	30-40	20.23!",
"91807	30-40	24.8!",
"37065	30-40	12.9!",
"31014	30-40	14.92!",
"79164	30-40	12.51!",
"21164	30-40	13.89!",
"34262	30-40	13.87!",
"61152	30-40	6.84!",
"33968	30-40	8.96!",
"33736	30-40	7.85!",
"10785	30-40	3.41!",
"17655	30-40	17.97!",
"35834	30-40	17.9!",
"33093	30-40	4.9!",
"25703	30-40	14.41!",
"36084	30-40	9.67!",
"95579	30-40	22.15!",
"102314	30-40	3.78!",
"2885	30-40	0.24!",
"86479	30-40	27.59!",
"100985	30-40	8.16!",
"16406	30-40	15.68!",
"35530	30-40	4.25!",
"52814	30-40	15.16!",
"43017	30-40	15.08!",
"66064	30-40	4.37!",
"79495	30-40	25.86!",
"9495	30-40	11.35!",
"3492	30-40	11.71!",
"74163	30-40	21.93!",
"92036	30-40	16.99!",
"33029	30-40	22.99!",
"96208	30-40	7.66!",
"10474	30-40	15.32!",
"90871	30-40	13.81!",
"55934	30-40	17.05!",
"94468	30-40	19.1!",
"3116	30-40	6.76!",
"103248	30-40	10.8!",
"33182	30-40	18.78!",
"90659	30-40	18.16!",
"50924	30-40	19.25!",
"100072	30-40	26.36!",
"2633	30-40	13.77!",
"48402	30-40	12.2!",
"46604		6.92!",
"6908		7.72!",
"97696	35-45	16!",
"60064	35-45	13.74!",
"48006	35-45	22.32!",
"55542	35-45	15.6!",
"31000	35-45	21.3!",
"88646	35-45	17.99!",
"4691	35-45	15.8!",
"53454	35-45	22.19!",
"91765	35-45	33.75!",
"103275	35-45	4.76!",
"68284	35-45	14.77!",
"25680	35-45	20.04!",
"43465	35-45	12.26!",
"75022	35-45	14.95!",
"29942	35-45	7.26!",
"21190	35-45	13.31!",
"29901	35-45	20.18!",
"47168	35-45	14.61!",
"82626	35-45	5.59!",
"80538	35-45	10.01!",
"94971	35-45	10.29!",
"43527	35-45	18.84!",
"97210	35-45	25.89!",
"62663	35-45	12.33!",
"57260	35-45	9.55!",
"66072	35-45	13.85!",
"22289	35-45	23.99!",
"103951	35-45	24.29!",
"71638	35-45	15.56!",
"47002	35-45	12.46!",
"90748	35-45	12.3!",
"92046	35-45	15.61!",
"55755	35-45	2.92!",
"43682	35-45	2.98!",
"93766	35-45	12.19!",
"94582	35-45	11.94!",
"87162	35-45	11.08!",
"81130	35-45	1.98!",
"13216	35-45	14.08!",
"4665	35-45	18.99!",
"6259	35-45	20.38!",
"82160	35-45	24.06!",
"18688	35-45	11.92!",
"34730	35-45	19.97!",
"98930	35-45	23.64!",
"25786	35-45	22.74!",
"19226	35-45	9.37!",
"79198	35-45	20.94!",
"103315	35-45	3.4!",
"95606	35-45	21!",
"76348	35-45	26.44!",
"32146	35-45	17.49!",
"54455	35-45	17.39!",
"83592	35-45	16.56!",
"87108	35-45	28.46!",
"33208	35-45	10.65!",
"10554	35-45	7.73!",
"89809	35-45	10.05!",
"16069	35-45	15.16!",
"23743	35-45	13.82!",
"103394	35-45	12.51!",
"47570	35-45	22.45!",
"80125	35-45	10.84!",
"30035	35-45	18.18!",
"80444	35-45	11.53!",
"56341	35-45	16.54!",
"1316	35-45	13.19!",
"6020	35-45	21.49!",
"8194	35-45	10.11!",
"34695	35-45	19.47!",
"14156	35-45	10.2!",
"21651	35-45	20.15!",
"53465	35-45	24.16!",
"38145	35-45	7.29!",
"28231	35-45	6.79!",
"23644	35-45	19.81!",
"63687	35-45	28.01!",
"36911	35-45	12.54!",
"96564	35-45	32.64!",
"9533	35-45	23.38!",
"24445	35-45	14.66!",
"25800	35-45	18.72!",
"48662	35-45	16.73!",
"91147	35-45	12.03!",
"10	35-45	11.93!",
"28871	35-45	20.57!",
"56361	35-45	31.46!",
"51408	35-45	14.99!",
"60353	35-45	10.87!",
"24168	35-45	12.47!",
"55717	35-45	14.96!",
"93794	35-45	13.98!",
"54689	35-45	5.43!",
"17961	35-45	19.77!",
"46324	35-45	15.34!",
"67629	35-45	6.48!",
"85220	35-45	14.89!",
"84341	35-45	6.11!",
"93780	35-45	19.92!",
"68722	35-45	0.56!",
"89844	35-45	11.18!",
"20640	35-45	7.6!",
"22444	35-45	22.42!",
"69437	35-45	14.74!",
"5733	35-45	2.84!",
"311	35-45	17!",
"65245	35-45	10.28!",
"11626	35-45	13.9!",
"49533	35-45	3.58!",
"16487	35-45	0!",
"27608	35-45	22.52!",
"53245	35-45	13.59!",
"55800	35-45	22.34!",
"46391	35-45	12.59!",
"46120	35-45	14.93!",
"49851	35-45	9.59!",
"91905	35-45	18.99!",
"77788	35-45	23.48!",
"25235	35-45	17.8!",
"33119	35-45	13.52!",
"56382	35-45	19.24!",
"76770	35-45	29.4!",
"71487	35-45	8.26!",
"59890	35-45	9.52!",
"41411	35-45	17.17!",
"99592	35-45	28.36!",
"87287	35-45	12.36!",
"97016	35-45	10.76!",
"26493	35-45	21.89!",
"95322	35-45	10.72!",
"30341	35-45	8.36!",
"98601	35-45	33.62!",
"735	35-45	12.72!",
"85370	35-45	13.57!",
"101027	35-45	18.28!",
"77588	35-45	33.24!",
"69027	35-45	10.99!",
"48356	35-45	9.29!",
"27554	35-45	11.03!",
"6987	35-45	2.37!",
"62891	35-45	27.54!",
"15631	35-45	7.07!",
"102441	35-45	21.34!",
"96897	35-45	8.11!",
"9261	35-45	7.04!",
"81785	35-45	28.89!",
"49772	35-45	16.94!",
"103355	35-45	13.11!",
"85229	35-45	10.39!",
"93066	35-45	11.59!",
"87114	35-45	21.45!",
"10262	35-45	4.95!",
"101411	35-45	16.01!",
"101987	35-45	4.34!",
"30929	35-45	15.08!",
"66186	35-45	2.51!",
"82780	35-45	11.81!",
"90356	35-45	16.36!",
"55812	35-45	12.61!",
"79478	35-45	20.46!",
"57003	35-45	9.84!",
"71142	35-45	24.88!",
"4168	35-45	2.85!",
"48166	35-45	0.94!",
"92868	35-45	4.79!",
"31448	35-45	4.26!",
"68581	35-45	32.16!",
"48151	35-45	10.58!",
"49038	35-45	3.72!",
"80638	35-45	32.1!",
"83265	35-45	14.11!",
"90491	35-45	33.23!",
"75831	35-45	29.1!",
"61042	35-45	3.87!",
"16549	35-45	22.19!",
"54073	35-45	7.32!",
"45424	35-45	9.61!",
"52929	35-45	18.15!",
"14080	35-45	17.95!",
"78437	35-45	18!",
"75477	35-45	31!",
"95560	35-45	23.56!",
"33050	35-45	19.27!",
"68139	35-45	25.84!",
"65110	35-45	22.48!",
"29803	35-45	9.19!",
"22993	35-45	7.94!",
"75600	35-45	17.34!",
"19348	35-45	18.39!",
"11648	35-45	9.06!",
"93139	35-45	10.88!",
"2443	35-45	14.06!",
"1439	35-45	24.75!",
"34831	35-45	9.79!",
"23553	35-45	4.47!",
"2578	35-45	16.14!",
"52665	35-45	15.89!",
"43307	35-45	14.32!",
"19492	35-45	15.54!",
"52639	35-45	24.21!",
"26950	35-45	14.66!",
"22200	35-45	20.92!",
"99483	35-45	21.25!",
"74981	35-45	15.19!",
"20862	35-45	19.64!",
"63266	35-45	27.89!",
"79126	35-45	4!",
"7183	35-45	12.85!",
"14595	35-45	14.8!",
"9216	35-45	14.02!",
"103033	35-45	14.31!",
"66349	35-45	15.36!",
"20263	35-45	6.49!",
"51445	35-45	15.76!",
"36497	35-45	4.32!",
"100114	35-45	23.12!",
"7020	35-45	14.3!",
"73128	35-45	4.76!",
"11620	35-45	15.45!",
"82922	35-45	9.76!",
"16593	35-45	9.02!",
"37041	35-45	0.34!",
"10761	35-45	14.26!",
"80841	35-45	8.84!",
"91989	35-45	14.29!",
"52893	35-45	13.9!",
"72655	35-45	11.18!",
"19585	35-45	8.46!",
"100595	35-45	13.59!",
"32037	35-45	15.03!",
"102356	35-45	20.6!",
"23345	35-45	26.19!",
"22130	35-45	15.33!",
"100469	35-45	14.9!",
"61697	35-45	30.15!",
"84180	35-45	9.92!",
"9762	35-45	14.57!",
"4211	35-45	23.52!",
"36163	35-45	15.38!",
"42421	35-45	11.45!",
"6723	35-45	18.89!",
"97524	35-45	18.75!",
"30788	35-45	9.95!",
"85201	35-45	6.79!",
"35161	35-45	11.03!",
"51929	35-45	11.35!",
"2807	35-45	1.49!",
"1888	35-45	8.4!",
"92641	35-45	22.49!",
"9658	35-45	15.08!",
"55478	35-45	10.8!",
"20979	35-45	6.6!",
"80144	35-45	26.68!",
"52330	35-45	18.05!",
"26652	35-45	4.04!",
"48606	35-45	11.42!",
"57866	35-45	12.44!",
"54197	35-45	16.55!",
"81508	35-45	26.56!",
"3841	35-45	16.73!",
"65250	35-45	23.7!",
"74303	35-45	21.22!",
"80765	35-45	12.56!",
"24187	35-45	9.26!",
"59413	35-45	15.53!",
"89690	35-45	27.23!",
"94593	35-45	14.22!",
"101294	35-45	13.13!",
"45980	35-45	19.07!",
"42567	35-45	12.29!",
"58576	35-45	24.3!",
"103450	35-45	13.75!",
"15899	35-45	23.94!",
"29165	35-45	5.47!",
"73956	35-45	29.13!",
"14446	35-45	20.27!",
"85485	35-45	15.07!",
"338	35-45	0.33!",
"66542	35-45	11.35!",
"92105	35-45	26.74!",
"63588	35-45	23.4!",
"63340	35-45	18.9!",
"91401	35-45	18.02!",
"87572	35-45	9.79!",
"78391	35-45	22.32!",
"3246	35-45	16.28!",
"85290	35-45	8.69!",
"26290	35-45	3.27!",
"40061	35-45	22.08!",
"36217	35-45	13.42!",
"27061	35-45	15.72!",
"28732	35-45	9.59!",
"50182	35-45	4.85!",
"26894	35-45	14.89!",
"27369	35-45	15.9!",
"88026	35-45	15.37!",
"34331	35-45	4.16!",
"59355	35-45	11.12!",
"73450	35-45	7.4!",
"65358	35-45	20.37!",
"65518	35-45	15.32!",
"41484	35-45	12.03!",
"15135	35-45	0!",
"35797	35-45	29.86!",
"37813	35-45	21.24!",
"70752	35-45	4.19!",
"54961	35-45	7.24!",
"8078	35-45	15.17!",
"52548	35-45	11.34!",
"3630	35-45	9.12!",
"5651	35-45	23.75!",
"88495	35-45	24.59!",
"19297	35-45	4.14!",
"51954	35-45	14.33!",
"1800	35-45	14.05!",
"61587	35-45	20.4!",
"58490	35-45	17.19!",
"67158	35-45	21.45!",
"6120	35-45	3.44!",
"9820	35-45	11.23!",
"83231	35-45	12.82!",
"24598	35-45	9.04!",
"10293	35-45	1.73!",
"54430	35-45	14.93!",
"20020	35-45	26.72!",
"16035	35-45	9.49!",
"39131	35-45	15.11!",
"25405	35-45	14.76!",
"40727	35-45	9.77!",
"90332	35-45	18.1!",
"50596	35-45	13.94!",
"28055	35-45	23.44!",
"60220	35-45	6.3!",
"9367	35-45	13.38!",
"79022	35-45	15.09!",
"3031	35-45	12.21!",
"43436	35-45	20.49!",
"45519	35-45	15.12!",
"52543	35-45	6.43!",
"80208	35-45	15.45!",
"94092	35-45	7.15!",
"98272	35-45	10.27!",
"100424	35-45	29.19!",
"25084	35-45	24.78!",
"100140	35-45	26.33!",
"21657	35-45	12.06!",
"4841	35-45	22.93!",
"46748	35-45	24.71!",
"32340	35-45	19.25!",
"33161	35-45	16.62!",
"88438	35-45	26.18!",
"16215	35-45	0.94!",
"95455	35-45	18.66!",
"11132	35-45	10.93!",
"104202	35-45	2.38!",
"42760	35-45	20.07!",
"23197	35-45	9.66!",
"5367	35-45	12.7!",
"76489	35-45	9.31!",
"42306	35-45	15.6!",
"59159	35-45	21.32!",
"12131	35-45	21.89!",
"57431	35-45	25.59!",
"45793	35-45	8.91!",
"49473	35-45	14.26!",
"71783	35-45	17.11!",
"1766	35-45	14.15!",
"15543	35-45	17.68!",
"57788	35-45	20.77!",
"65788	35-45	13.94!",
"5189	35-45	8.02!",
"16032	35-45	12.92!",
"55625	35-45	11.12!",
"77578	35-45	11.98!",
"74257	35-45	24.85!",
"39713	35-45	24.14!",
"74506	35-45	12.46!",
"42455	35-45	26.65!",
"81950	35-45	22.84!",
"11625	35-45	4.16!",
"85618	35-45	29.02!",
"17955	35-45	1.69!",
"17924	35-45	9.72!",
"83794	35-45	29.58!",
"42772	35-45	20.75!",
"99065	35-45	14.88!",
"43702	35-45	5.87!",
"64440	35-45	22.1!",
"31190	35-45	7.15!",
"45317	35-45	24.74!",
"59724	35-45	15.33!",
"39722	35-45	14.8!",
"25380	35-45	18.48!",
"62011	35-45	7.64!",
"29422	35-45	21.94!",
"90568	35-45	10.42!",
"26195	35-45	14.32!",
"14340	35-45	16.61!",
"10721	35-45	8!",
"25236	35-45	18.78!",
"29794	35-45	20.21!",
"6084	35-45	13.27!",
"33046	35-45	14.66!",
"95489	35-45	19.17!",
"12932	35-45	10.74!",
"2007	35-45	2.77!",
"17826	35-45	17.05!",
"1364	35-45	17.72!",
"103353	35-45	13.98!",
"10206	35-45	14.57!",
"31004	35-45	26.38!",
"101622	35-45	10.23!",
"3660	35-45	19.63!",
"17850	35-45	13.4!",
"94192	35-45	29.83!",
"68503	35-45	8.16!",
"96704	35-45	12.96!",
"73526	35-45	15.09!",
"56595	35-45	12.23!",
"5282	35-45	17.08!",
"42953	35-45	24.14!",
"31098	35-45	1.51!",
"53041	35-45	13.03!",
"104001	35-45	7.06!",
"41109	35-45	16.61!",
"6143	35-45	15.2!",
"102079	35-45	25.67!",
"24846	35-45	19.68!",
"91245	35-45	7.92!",
"33228	35-45	15.74!",
"67401	35-45	26.84!",
"23766	35-45	4.19!",
"43703	35-45	18.28!",
"101647	35-45	19.85!",
"52708	35-45	9.3!",
"92077	35-45	26.5!",
"79907	35-45	20.93!",
"42228	35-45	1.05!",
"70270	35-45	9.81!",
"71782	35-45	28.29!",
"76662	35-45	8.04!",
"40879	35-45	3.47!",
"36760	35-45	16.85!",
"28402	35-45	13.58!",
"47416	35-45	19.48!",
"132	35-45	16.39!",
"15717	35-45	14.11!",
"92743	35-45	30.61!",
"39128	35-45	5.36!",
"28534	35-45	17.7!",
"71671	35-45	7.77!",
"797	35-45	6.25!",
"24426	35-45	24.43!",
"94507	35-45	14.22!",
"37177	35-45	23.54!",
"2805	35-45	18.95!",
"21716	35-45	8.96!",
"88396	35-45	19.9!",
"67863	35-45	18.23!",
"32694	35-45	3.83!",
"19831	35-45	9.59!",
"52061	35-45	21.88!",
"48009	35-45	3.04!",
"4502	35-45	8.12!",
"58739	35-45	21.54!",
"7007	35-45	14.99!",
"65978	35-45	17.08!",
"30137	35-45	16.16!",
"39989	35-45	15.74!",
"80246	35-45	9.15!",
"5073	35-45	11.91!",
"74037	35-45	28.15!",
"93374	35-45	22.65!",
"103218	35-45	14.5!",
"98051	35-45	16.73!",
"13309	35-45	0.53!",
"64166	35-45	16.47!",
"60190	35-45	8.38!",
"60947	35-45	12.68!",
"23446	35-45	11.95!",
"39602	35-45	24.88!",
"54513	35-45	17.89!",
"75634	35-45	10.4!",
"57704	35-45	15.88!",
"17143	35-45	16.45!",
"91639	35-45	22.32!",
"101246	35-45	18.91!",
"84394	35-45	21.33!",
"68824	35-45	32.91!",
"48243	35-45	17.01!",
"96051	35-45	24.24!",
"37095	35-45	21.42!",
"19661	35-45	8.92!",
"77559	35-45	18.36!",
"101540	35-45	13.16!",
"80094	35-45	12.41!",
"20801	35-45	10.4!",
"1031	35-45	16.29!",
"44737	35-45	20.73!",
"14754	35-45	15.21!",
"2425	35-45	4.62!",
"14231	35-45	22.2!",
"80071	35-45	14.49!",
"25141	35-45	22.69!",
"85468	35-45	11.84!",
"60117	35-45	5.84!",
"63810	35-45	19.28!",
"32893	35-45	3.05!",
"92631	35-45	11.77!",
"57235	35-45	32.19!",
"44650	35-45	10.42!",
"51302	35-45	9.46!",
"12350	35-45	17.91!",
"97353	35-45	28.74!",
"20328	35-45	13.65!",
"87110	35-45	8.72!",
"12429	35-45	12.54!",
"4799	35-45	6.65!",
"2074	35-45	2.68!",
"3025	35-45	11.07!",
"78602	35-45	18.62!",
"90988	35-45	24.57!",
"62089	35-45	18.15!",
"15120	35-45	20.11!",
"18452	35-45	15!",
"16291	35-45	20.16!",
"37504	35-45	7.15!",
"101403	35-45	28.46!",
"92367	35-45	18.28!",
"26312	35-45	4.51!",
"65280	35-45	11.8!",
"80138	35-45	27.74!",
"22858	35-45	13.3!",
"19675	35-45	1.23!",
"54274	35-45	7.9!",
"72532	35-45	24.88!",
"37814	35-45	15.71!",
"68301	35-45	22.22!",
"72589	35-45	10.75!",
"85893	35-45	31.7!",
"62203	35-45	9.84!",
"83155	35-45	11.85!",
"66437	35-45	21.35!",
"16057	35-45	20.5!",
"91596	35-45	5.3!",
"73863	35-45	33.67!",
"64419	35-45	17.58!",
"101061	35-45	17.15!",
"91738	35-45	14.88!",
"2577	35-45	1.06!",
"20690	35-45	6.58!",
"92344	35-45	16.22!",
"48620	35-45	17.88!",
"15427	35-45	12.54!",
"96479	35-45	8.44!",
"60684	35-45	31.7!",
"28305	35-45	16.71!",
"47468	35-45	5.95!",
"82294	35-45	11.85!",
"2791	35-45	0.04!",
"90687	35-45	17.76!",
"92975	35-45	18.37!",
"75518	35-45	17.97!",
"48980	35-45	27.06!",
"48342	35-45	18.24!",
"101891	35-45	21.28!",
"89677	35-45	26.03!",
"46841	35-45	20.87!",
"46337	35-45	12.9!",
"19091	35-45	17.63!",
"4921	35-45	7.96!",
"103140	35-45	24.41!",
"43936	35-45	11.05!",
"77444	35-45	27.72!",
"70210	35-45	12.15!",
"17832	35-45	15.42!",
"51525	35-45	14.11!",
"69651	35-45	25.87!",
"103224	35-45	6.36!",
"49409	35-45	24.05!",
"5299	35-45	19.83!",
"62644	35-45	24.48!",
"58987	35-45	8.9!",
"22790	35-45	16.53!",
"15949	35-45	2.63!",
"14193	35-45	6.72!",
"50398	35-45	21.42!",
"95096	35-45	21.25!",
"98758	35-45	28.28!",
"28976	35-45	7.68!",
"32684	35-45	18.33!",
"23735	35-45	19.23!",
"72931	35-45	25.8!",
"40381	35-45	6.98!",
"61873	35-45	17.47!",
"86532	35-45	1.41!",
"45115	35-45	20.67!",
"41626	35-45	15.34!",
"81759	35-45	11.38!",
"83704	35-45	7.85!",
"100221	35-45	21.92!",
"26354	35-45	13.07!",
"78288	35-45	19.62!",
"76503	35-45	22.95!",
"57551	35-45	27.23!",
"53112	35-45	15.97!",
"6717	35-45	15.1!",
"4545	35-45	23.07!",
"31343	35-45	14.44!",
"59083	35-45	11.39!",
"13413	35-45	19.94!",
"17217	35-45	22.41!",
"2834	35-45	13.62!",
"74496	35-45	16.8!",
"62353	35-45	7.33!",
"61831	35-45	18.38!",
"84265	35-45	7.1!",
"54017	35-45	22.36!",
"40866	35-45	24.53!",
"51833	35-45	10.43!",
"62824	35-45	26.42!",
"48624	35-45	23.24!",
"28315	35-45	3.31!",
"50956	35-45	11.52!",
"39482	35-45	23.84!",
"51829	35-45	21.58!",
"80359	35-45	10.97!",
"90912	35-45	33.23!",
"20709	35-45	16.49!",
"19859	35-45	13.98!",
"8424	35-45	8.34!",
"94981	35-45	2.95!",
"57080	35-45	18.62!",
"56778	35-45	22.61!",
"10006	35-45	13.42!",
"92016	35-45	19.55!",
"17731	35-45	22.09!",
"7967	35-45	5.44!",
"59388	35-45	18.3!",
"41741	35-45	21.18!",
"57199	35-45	24.97!",
"39115	35-45	17.48!",
"32517	35-45	7.23!",
"78960	35-45	5.83!",
"61720	35-45	23.06!",
"91073	35-45	26.08!",
"84215	35-45	16.7!",
"10825	35-45	21.59!",
"48519	35-45	11.46!",
"80302	35-45	3.34!",
"62778	35-45	13.74!",
"17370	35-45	2.25!",
"93723	35-45	12.69!",
"35299	35-45	21.45!",
"23377	35-45	24.36!",
"65600	35-45	28.51!",
"54229	35-45	16.39!",
"18161	35-45	7.68!",
"103874	35-45	14.86!",
"26033	35-45	12.1!",
"86953	35-45	9.71!",
"29365	35-45	12.98!",
"55177	35-45	23.5!",
"34627	35-45	2.5!",
"62057	35-45	10.86!",
"62127	35-45	17.72!",
"98980	35-45	24.93!",
"82476	35-45	10.59!",
"35460	35-45	5.85!",
"82419	35-45	28.2!",
"103801	35-45	15.82!",
"76286	35-45	15.33!",
"27575	35-45	6.64!",
"36061	35-45	5.31!",
"78139	35-45	14.68!",
"62270	35-45	19.38!",
"58433	35-45	1.83!",
"2823	35-45	18.46!",
"71249	35-45	27.48!",
"19598	35-45	18.61!",
"84738	35-45	22.01!",
"89012	35-45	25.53!",
"78680	35-45	18.62!",
"35991	35-45	14.25!",
"79948	35-45	11.68!",
"86599	35-45	14.92!",
"49782	35-45	12.6!",
"5906	35-45	0.18!",
"50339	35-45	8.29!",
"3079	35-45	16.94!",
"65957	35-45	25.41!",
"96928	35-45	12.2!",
"30378	35-45	1.58!",
"32310	35-45	14.9!",
"2947	35-45	19.38!",
"38576	35-45	16.66!",
"62996	35-45	19.85!",
"47705	35-45	21.95!",
"100662	35-45	11.74!",
"93296	35-45	8.05!",
"82729	35-45	11.93!",
"92773	35-45	19.01!",
"41195	35-45	4.39!",
"97449	35-45	18.95!",
"66424	35-45	20.58!",
"27919	35-45	16.64!",
"51025	35-45	1.28!",
"46016	35-45	10.29!",
"54076	35-45	15.42!",
"14952	35-45	17.97!",
"93742	35-45	5.82!",
"70648	35-45	19.6!",
"35351	35-45	1.34!",
"16577	35-45	19.65!",
"14887	35-45	14.41!",
"66550	35-45	15.68!",
"12277	35-45	18.72!",
"24085	35-45	14.07!",
"34551	35-45	16.26!",
"76797	35-45	8.52!",
"103622	35-45	17.8!",
"79725	35-45	12.83!",
"69741	35-45	4.53!",
"72641	35-45	27.5!",
"97275	35-45	17.61!",
"85509	35-45	24.01!",
"90826	35-45	16.09!",
"13809	35-45	24.88!",
"22090	35-45	14.7!",
"43071	35-45	13.99!",
"8051	35-45	24.64!",
"27415	35-45	16.84!",
"82746	35-45	10.76!",
"95522	35-45	14.82!",
"70785	35-45	30.46!",
"47887	35-45	12.85!",
"39996	35-45	9.73!",
"53930	35-45	20.89!",
"44836	35-45	6.24!",
"38774	35-45	11.85!",
"77919	35-45	29.38!",
"16680	35-45	15.86!",
"9618	35-45	19.27!",
"88332	35-45	19.21!",
"97264	35-45	24.04!",
"67349	35-45	4.32!",
"104166	35-45	6.29!",
"75525	35-45	34.88!",
"78827	35-45	16.75!",
"83373	35-45	33.64!",
"73881	35-45	22.67!",
"92954	35-45	22.76!",
"94839	35-45	19.61!",
"14108	35-45	15.88!",
"50756	35-45	22.66!",
"102226	35-45	9.67!",
"98972	35-45	22.65!",
"83422	35-45	20.07!",
"20772	35-45	4.81!",
"33500	35-45	16.2!",
"84001	35-45	23.88!",
"101612	35-45	2.38!",
"71751	35-45	32.91!",
"60832	35-45	21.74!",
"83786	35-45	7.94!",
"15383	35-45	12.39!",
"20433	35-45	17.96!",
"694	35-45	5.91!",
"40081	35-45	28.75!",
"103708	35-45	23.95!",
"10264	35-45	19.22!",
"9928	35-45	5.72!",
"94795	35-45	20.58!",
"51394	35-45	3.16!",
"38378	35-45	24.85!",
"87148	35-45	10.12!",
"6045	35-45	17.65!",
"102308	35-45	20.76!",
"62160	35-45	22.87!",
"23686	35-45	20.82!",
"24517	35-45	14.34!",
"77673	35-45	22.98!",
"2987	35-45	8.34!",
"72764	35-45	19.13!",
"40357	35-45	15.58!",
"73060	35-45	13.88!",
"74445	35-45	14.18!",
"26087	35-45	9.68!",
"70412	35-45	16.17!",
"40753	35-45	16.46!",
"15197	35-45	16.26!",
"85461	35-45	11.23!",
"89473	35-45	15.43!",
"89683	35-45	14.48!",
"80198	35-45	29.13!",
"102503	35-45	9.14!",
"59807	35-45	14.61!",
"26877	35-45	10.73!",
"81422	35-45	17.36!",
"86201	35-45	14.87!",
"6611	35-45	18.81!",
"14851	35-45	6.19!",
"94183	35-45	23.37!",
"31200	35-45	5.7!",
"20467	35-45	4.7!",
"4587	35-45	18.07!",
"60833	35-45	30.82!",
"55180	35-45	19.43!",
"8626	35-45	19.23!",
"56446	35-45	23.6!",
"64339	35-45	27.25!",
"76078	35-45	30.56!",
"71268	35-45	21.82!",
"77240	35-45	15.79!",
"74320	35-45	26.14!",
"66454	35-45	13!",
"96413	35-45	4.99!",
"38492	35-45	24.02!",
"47745	35-45	20.13!",
"69983	35-45	24.69!",
"44282	35-45	18.75!",
"25600	35-45	16.23!",
"13609	35-45	23.03!",
"68821	35-45	28.25!",
"3508	35-45	2.55!",
"101596	35-45	1!",
"45453	35-45	24.42!",
"24980	35-45	18.14!",
"80904	35-45	21.83!",
"47958	35-45	28.82!",
"83906	35-45	16.15!",
"22718	35-45	5.47!",
"82406	35-45	7.57!",
"47896	35-45	3.67!",
"39867	35-45	13.41!",
"71136	35-45	27.78!",
"19548	35-45	1.97!",
"1677	35-45	13.29!",
"27623	35-45	17.12!",
"22510	35-45	24.3!",
"2746	35-45	4.62!",
"39468	35-45	15.6!",
"87150	35-45	13.93!",
"50602	35-45	24.66!",
"28574	35-45	16.45!",
"56604	35-45	17.76!",
"85644	35-45	9.3!",
"44394	35-45	17.9!",
"101205	35-45	8.14!",
"103405	35-45	11.5!",
"22315	35-45	1.68!",
"98029	35-45	8.36!",
"65113	35-45	31.45!",
"60512	35-45	15.68!",
"87571	35-45	9.7!",
"98428	35-45	28.84!",
"29116	35-45	24.85!",
"43487	35-45	19.33!",
"46458	35-45	22.7!",
"92038	35-45	29.03!",
"63651	35-45	9.73!",
"94514	35-45	15.1!",
"34282	35-45	4.47!",
"66425	35-45	25.76!",
"69300	35-45	8.45!",
"24038	35-45	19.27!",
"22259	35-45	13.96!",
"85686	35-45	14.76!",
"84476	35-45	27.65!",
"101515	35-45	10!",
"71766	35-45	32!",
"59277	35-45	23.58!",
"82223	35-45	24.9!",
"33095	35-45	14.36!",
"43203	35-45	3.63!",
"74186	35-45	10.53!",
"91562	35-45	5.98!",
"21688	35-45	4.17!",
"53042	35-45	16.69!",
"83773	35-45	26.29!",
"62753	35-45	9.99!",
"91853	35-45	13.55!",
"89378	35-45	27.28!",
"35740	35-45	1.08!",
"99247	35-45	11.02!",
"24454	35-45	2.15!",
"31943	35-45	8.62!",
"30560	35-45	9.4!",
"49263	35-45	15.82!",
"11875	35-45	1.82!",
"62035	35-45	18.44!",
"65041	35-45	1.43!",
"40616	!35-45 	9.73!",
"55999	""45","50""	9.09!"
"28276	45-55	10.3!",
"70001	45-55	20.32!",
"57586	45-55	11.34!",
"7173	45-55	12.58!",
"13279	45-55	11.72!",
"81914	45-55	24.5!",
"95994	45-55	17.37!",
"45033	45-55	16.66!",
"35596	45-55	15.55!",
"49985	45-55	10.32!",
"30756	45-55	7.45!",
"89741	45-55	9.86!",
"76324	45-55	22.93!",
"18447	45-55	9.67!",
"50389	45-55	21.31!",
"79363	45-55	25.77!",
"49074	45-55	22.42!",
"56692	45-55	7.32!",
"363	45-55	6.31!",
"48581	45-55	15.46!",
"1340	45-55	20.91!",
"84644	45-55	10.21!",
"38540	45-55	17.32!",
"54710	45-55	9.57!",
"58027	45-55	13.44!",
"35682	45-55	18.08!",
"52860	45-55	19.36!",
"42374	45-55	23.69!",
"84317	45-55	12.02!",
"54289	45-55	19.06!",
"47673	45-55	20.95!",
"6528	45-55	21.77!",
"3320	45-55	7.23!",
"87968	45-55	15.96!",
"59190	45-55	21.34!",
"44163	45-55	5.76!",
"37090	45-55	12.19!",
"77043	45-55	11.08!",
"63299	45-55	21.74!",
"66360	45-55	20.1!",
"22982	45-55	16.98!",
"70285	45-55	9.93!",
"19961	45-55	15.97!",
"91669	45-55	16.18!",
"31787	45-55	3.27!",
"92839	45-55	23.62!",
"45527	45-55	8.4!",
"27693	45-55	10.41!",
"54487	45-55	0.26!",
"26919	45-55	12.19!",
"38833	45-55	11.7!",
"11723	45-55	15.91!",
"29547	45-55	21.16!",
"60969	45-55	26.11!",
"15825	45-55	14.3!",
"40066	45-55	10.77!",
"93022	45-55	9.96!",
"15351	45-55	11.52!",
"40136	45-55	18.21!",
"78856	45-55	20.75!",
"83749	45-55	13.72!",
"41190	45-55	10.98!",
"86233	45-55	14.13!",
"103215	45-55	17.79!",
"7789	45-55	19.02!",
"42124	45-55	8.4!",
"93394	45-55	29.63!",
"76693	45-55	14.62!",
"7880	45-55	9.26!",
"66605	45-55	34.2!",
"101065	45-55	13.3!",
"104008	45-55	17.65!",
"101568	45-55	19.3!",
"20698	45-55	22.69!",
"56271	45-55	3.41!",
"78862	45-55	4.29!",
"12114	45-55	9.6!",
"92524	45-55	19.2!",
"49573	45-55	4.91!",
"66184	45-55	3.88!",
"43444	45-55	24.06!",
"15704	45-55	11.22!",
"11376	45-55	11.99!",
"57677	45-55	12.98!",
"31960	45-55	21.52!",
"38432	45-55	19.15!",
"47048	45-55	8.05!",
"41589	45-55	23.35!",
"42032	45-55	12.54!",
"70987	45-55	20.7!",
"97560	45-55	27.13!",
"13996	45-55	19.1!",
"25993	45-55	15.35!",
"48955	45-55	17.95!",
"29200	45-55	28.35!",
"27832	45-55	7.96!",
"37906	45-55	5.98!",
"44672	45-55	11.2!",
"16524	45-55	2.63!",
"83857	45-55	16.33!",
"36466	45-55	9.75!",
"58263	45-55	16.92!",
"78732	45-55	10.94!",
"32181	45-55	2.18!",
"69095	45-55	17.1!",
"78588	45-55	22.83!",
"18942	45-55	22.74!",
"97487	45-55	24.41!",
"48489	45-55	11.24!",
"96709	45-55	7.59!",
"83807	45-55	8.01!",
"76355	45-55	16.93!",
"35935	45-55	28.77!",
"57425	45-55	19.63!",
"25674	45-55	17.45!",
"69724	45-55	24.22!",
"18933	45-55	22.74!",
"13096	45-55	6.86!",
"10819	45-55	16.38!",
"15213	45-55	12.36!",
"78336	45-55	19.13!",
"40840	45-55	16.44!",
"101034	45-55	20.54!",
"51163	45-55	19.93!",
"32215	45-55	11.41!",
"84582	45-55	23.34!",
"65121	45-55	16.24!",
"51948	45-55	12.82!",
"10917	45-55	6.61!",
"72072	45-55	12.36!",
"49761	45-55	18.67!",
"50231	45-55	23.18!",
"45222	45-55	17.19!",
"19328	45-55	13.34!",
"66149	45-55	4.58!",
"23944	45-55	8.93!",
"24608	45-55	16.2!",
"3178	45-55	22.32!",
"93711	45-55	13.32!",
"75034	45-55	19.6!",
"31254	45-55	13.69!",
"39591	45-55	7.98!",
"70589	45-55	29.38!",
"17664	45-55	12.27!",
"41198	45-55	21.66!",
"17016	45-55	10.27!",
"89068	45-55	25.86!",
"76404	45-55	26.92!",
"94245	45-55	21.75!",
"30441	45-55	8.15!",
"11304	45-55	10.38!",
"31815	45-55	2.54!",
"16023	45-55	15.82!",
"34501	45-55	9.47!",
"8291	45-55	21.44!",
"40971	45-55	6.07!",
"95637	45-55	8.31!",
"37228	45-55	13.56!",
"77987	45-55	29.25!",
"3755	45-55	23.75!",
"16996	45-55	8.49!",
"72217	45-55	18.36!",
"60625	45-55	29.46!",
"66892	45-55	17.21!",
"34122	45-55	16.15!",
"93501	45-55	6.04!",
"94386	45-55	28.61!",
"71489	45-55	12.06!",
"32974	45-55	3.12!",
"4730	45-55	12.92!",
"48854	45-55	9.12!",
"66528	45-55	20.69!",
"102010	45-55	8.2!",
"46421	45-55	19.46!",
"71758	45-55	13!",
"31654	45-55	3.12!",
"62867	45-55	15.92!",
"80231	45-55	9.76!",
"41739	45-55	21.98!",
"40127	45-55	5.93!",
"33923	45-55	13.17!",
"92186	45-55	14.22!",
"82091	45-55	23.62!",
"79400	45-55	17.79!",
"13069	45-55	22.47!",
"14434	45-55	20.59!",
"13412	45-55	8.06!",
"69014	45-55	33.8!",
"49956	45-55	15.14!",
"6466	45-55	4.79!",
"10852	45-55	13.87!",
"7558	45-55	7.49!",
"55042	45-55	14.36!",
"50673	45-55	22.35!",
"51087	45-55	14.08!",
"40351	45-55	14.05!",
"11174	45-55	20.15!",
"41948	45-55	10.93!",
"18512	45-55	22.31!",
"73194	45-55	24.23!",
"5794	45-55	15.6!",
"11953	45-55	7.88!",
"56056	45-55	22.57!",
"53652	45-55	17.31!",
"85685	45-55	11.18!",
"73773	45-55	22.93!",
"72356	45-55	10.35!",
"35260	45-55	22.49!",
"27901	45-55	13.48!",
"16346	45-55	9.18!",
"73961	45-55	24.77!",
"10487	45-55	14.51!",
"3532	45-55	2.89!",
"73164	45-55	21.47!",
"57072	45-55	31.2!",
"57593	45-55	5.64!",
"67373	45-55	20.72!",
"78043	45-55	15.88!",
"68628	45-55	17.44!",
"34996	45-55	2.92!",
"98156	45-55	5.3!",
"53853	45-55	3.45!",
"78078	45-55	20.18!",
"98954	45-55	29.05!",
"12157	45-55	20.76!",
"70028	45-55	26.62!",
"45094	45-55	19.89!",
"13652	45-55	22.63!",
"73741	45-55	12.78!",
"39314	45-55	13.3!",
"48636	45-55	5.52!",
"42253	45-55	15.41!",
"61049	45-55	7.56!",
"22637	45-55	0!",
"40756	45-55	2.21!",
"60695	45-55	27.32!",
"41813	45-55	22.38!",
"49664	45-55	8.62!",
"81788	45-55	13.61!",
"72251	45-55	17.37!",
"26424	45-55	3.44!",
"48235	45-55	19.05!",
"98090	45-55	21.32!",
"47597	45-55	14.62!",
"33997	45-55	23.69!",
"384	45-55	22.57!",
"6263	45-55	10.69!",
"51742	45-55	21.36!",
"38247	45-55	9.58!",
"30210	45-55	3.18!",
"41267	45-55	1.59!",
"47286	45-55	16.02!",
"35468	45-55	20.96!",
"16446	45-55	19.12!",
"13054	45-55	18.5!",
"14118	45-55	20.09!",
"34644	45-55	18.45!",
"12788	45-55	5.21!",
"81395	45-55	14.32!",
"61493	45-55	5.8!",
"1173	45-55	6.36!",
"39792	45-55	7.38!",
"10096	45-55	24.2!",
"19581	45-55	23.63!",
"89139	45-55	15.74!",
"87504	45-55	12!",
"599	45-55	21.94!",
"3204	45-55	13.78!",
"98277	45-55	32.95!",
"33055	45-55	1.02!",
"103989	45-55	23.35!",
"46027	45-55	24.82!",
"28808	45-55	8.23!",
"41417	45-55	4.56!",
"24516	45-55	14.85!",
"36929	45-55	17.76!",
"7953	45-55	9.47!",
"71008	45-55	26.98!",
"73287	45-55	32.13!",
"46245	45-55	19.48!",
"26323	45-55	20.21!",
"68857	45-55	15.88!",
"36889	45-55	7.89!",
"3893	45-55	17.94!",
"24044	45-55	21.33!",
"28812	45-55	2.86!",
"97462	45-55	19.78!",
"6326	45-55	1.41!",
"88522	45-55	23.69!",
"35796	45-55	11.73!",
"2178	45-55	15.47!",
"49201	45-55	10.32!",
"83847	45-55	4.08!",
"81514	45-55	27.64!",
"47422	45-55	20.93!",
"80512	45-55	10.08!",
"68987	45-55	20.52!",
"79217	45-55	15.7!",
"73233	45-55	17.78!",
"21993	45-55	3.3!",
"6039	45-55	12.7!",
"94925	45-55	5.28!",
"70905	45-55	27.47!",
"53284	45-55	20.52!",
"18017	45-55	14.85!",
"76858	45-55	27.6!",
"27371	45-55	20.52!",
"17242	45-55	13.5!",
"32654	45-55	10.12!",
"4532	45-55	14.4!",
"11819	45-55	9.74!",
"52255	45-55	17.16!",
"79704	45-55	11.48!",
"74460	45-55	25.07!",
"42255	45-55	4.1!",
"76842	45-55	1.78!",
"51429	45-55	9.75!",
"21036	45-55	9.14!",
"14355	45-55	16.78!",
"70571	45-55	20.48!",
"54656	45-55	21.2!",
"82788	45-55	27.14!",
"94081	45-55	21.61!",
"56385	45-55	17.88!",
"34472	45-55	15.8!",
"73201	45-55	17.17!",
"45828	45-55	21.28!",
"61500	45-55	3.94!",
"27486	45-55	7.5!",
"27552	45-55	14.69!",
"85918	45-55	7.97!",
"47960	45-55	9.03!",
"60580	45-55	10.1!",
"53271	45-55	8.03!",
"68850	45-55	17.58!",
"95536	45-55	28.91!",
"31876	45-55	6.94!",
"82804	45-55	18.99!",
"33010	45-55	18.86!",
"48498	45-55	20.87!",
"78104	45-55	21.73!",
"24376	45-55	6.83!",
"93318	45-55	19.29!",
"88361	45-55	10.86!",
"9664	45-55	14.74!",
"50460	45-55	24.09!",
"5821	45-55	9.07!",
"102514	45-55	18.91!",
"4843	45-55	13.73!",
"49539	45-55	15.55!",
"26914	45-55	27.92!",
"41993	45-55	11.8!",
"17236	45-55	17.29!",
"54428	45-55	8.08!",
"53002	45-55	12.79!",
"49950	45-55	1.63!",
"49712	45-55	6.75!",
"75159	45-55	25.7!",
"102309	45-55	23.04!",
"98544	45-55	5.07!",
"34871	45-55	9.57!",
"53046	45-55	17.79!",
"8378	45-55	7.51!",
"43700	45-55	2!",
"97076	45-55	15.42!",
"15094	45-55	11.4!",
"49367	45-55	17.9!",
"38892	45-55	14.95!",
"33269	45-55	17!",
"99766	45-55	22.21!",
"16672	45-55	17.41!",
"85216	45-55	10.94!",
"70427	45-55	21.98!",
"51795	45-55	NA",
"28764	45-55	11.29!",
"16900	45-55	19.07!",
"20329	45-55	22.1!",
"79611	45-55	11.18!",
"41977	45-55	15.2!",
"19344	45-55	8.08!",
"74368	45-55	12.54!",
"52759	45-55	1.73!",
"82216	45-55	13.59!",
"59117	45-55	27.14!",
"74097	45-55	24.21!",
"33148	45-55	4.75!",
"51810	45-55	18.92!",
"83646	45-55	21.34!",
"76173	45-55	31.79!",
"89438	45-55	22.38!",
"30255	45-55	18.57!",
"71531	45-55	7.55!",
"82722	45-55	6.28!",
"102519	45-55	11.41!",
"32747	45-55	13.45!",
"17	45-55	3!",
"89837	45-55	16.29!",
"43260	45-55	17.96!",
"28663	45-55	23.41!",
"96659	45-55	10.16!",
"87554	45-55	29.46!",
"34411	45-55	5.01!",
"96028	45-55	15.72!",
"79282	45-55	20.96!",
"80129	45-55	12.27!",
"13386	45-55	16.66!",
"99914	45-55	20.34!",
"59272	45-55	8.69!",
"23437	45-55	14.08!",
"15510	45-55	15.69!",
"4227	45-55	3.72!",
"94950	45-55	20.06!",
"91394	45-55	12.78!",
"51257	45-55	23.35!",
"22561	45-55	17.15!",
"33667	45-55	14.59!",
"74764	45-55	20.56!",
"24320	45-55	19.57!",
"15867	45-55	7.1!",
"30817	45-55	8.96!",
"54010	45-55	7.82!",
"78792	45-55	30.77!",
"925	45-55	8.11!",
"7518	45-55	16.42!",
"30138	45-55	17.97!",
"57169	45-55	27.69!",
"73232	45-55	27.76!",
"102637	45-55	12.7!",
"49403	45-55	20.77!",
"17157	45-55	11.95!",
"103948	45-55	17.86!",
"51812	45-55	28.25!",
"1324	45-55	10.74!",
"59387	45-55	18.18!",
"54649	45-55	19.53!",
"34983	45-55	28.64!",
"53897	45-55	18.4!",
"65855	45-55	27.16!",
"79088	45-55	2.67!",
"39548	45-55	5.88!",
"3201	45-55	17.43!",
"8102	45-55	6.24!",
"83672	45-55	27.35!",
"63101	45-55	11.61!",
"79371	45-55	20.48!",
"72750	45-55	8.56!",
"45821	45-55	15.79!",
"24542	45-55	19.33!",
"88842	45-55	12.54!",
"30986	45-55	1.68!",
"73473	45-55	20.75!",
"102444	45-55	10.35!",
"33008	45-55	22.04!",
"99967	45-55	30.3!",
"81939	45-55	1.31!",
"91179	45-55	20.14!",
"34802	45-55	14.6!",
"66880	45-55	6.46!",
"76696	45-55	21.33!",
"48048	45-55	21.53!",
"31842	45-55	15.66!",
"82673	45-55	20.27!",
"50921	45-55	10.69!",
"27425	45-55	11.53!",
"27201	45-55	4.3!",
"98167	45-55	18.75!",
"23829	45-55	20.31!",
"83768	45-55	14.86!",
"104069	45-55	16.4!",
"32636	45-55	22.53!",
"29016	45-55	9.98!",
"19235	45-55	22.84!",
"60201	45-55	2.33!",
"3862	45-55	6.64!",
"98445	45-55	25.22!",
"98510	45-55	21.94!",
"31456	45-55	21.36!",
"49957	45-55	15.29!",
"72277	45-55	28.27!",
"62537	45-55	32.25!",
"46215	45-55	22.58!",
"92051	45-55	21.75!",
"62166	45-55	14.77!",
"102902	45-55	21.67!",
"74939	45-55	7.28!",
"53567	45-55	21.43!",
"26129	45-55	8.52!",
"47926	45-55	18!",
"95456	45-55	26.95!",
"100674	45-55	15.86!",
"3656	45-55	23.29!",
"91702	45-55	11.17!",
"91915	45-55	28.76!",
"28451	45-55	24.95!",
"89755	45-55	25.95!",
"65567	45-55	28.56!",
"7687	45-55	19.86!",
"8716	45-55	21.81!",
"26789	45-55	16.67!",
"95117	45-55	17.62!",
"30753	45-55	20.6!",
"43612	45-55	27.41!",
"43622	45-55	0!",
"99334	45-55	18.32!",
"48894	45-55	20.71!",
"87526	45-55	16.15!",
"43610	45-55	11.4!",
"43556	45-55	21.53!",
"85720	45-55	11.37!",
"58569	45-55	6.83!",
"88490	45-55	13.4!",
"99189	45-55	18.57!",
"96412	45-55	28.75!",
"21477	45-55	20.03!",
"48412	45-55	8.12!",
"22132	45-55	3.07!",
"51070	45-55	12.04!",
"59014	45-55	26.02!",
"32982	45-55	7.8!",
"41569	45-55	24.96!",
"25849	45-55	18.63!",
"43392	45-55	12.56!",
"62797	45-55	30.58!",
"44334	45-55	11.73!",
"13378	45-55	4.4!",
"11868	45-55	11.78!",
"41900	45-55	6.24!",
"86660	45-55	19.85!",
"66199	45-55	30.96!",
"2407	45-55	7.89!",
"52407	45-55	23.6!",
"96461	45-55	33.15!",
"96016	45-55	27.76!",
"72991	45-55	16.07!",
"50533	45-55	15.51!",
"56391	45-55	8.62!",
"84840	45-55	6.26!",
"90684	45-55	7.25!",
"17946	45-55	23.85!",
"102846	45-55	14.2!",
"84575	45-55	22!",
"96157	45-55	21.18!",
"53062	45-55	10.73!",
"52353	45-55	19.32!",
"71550	45-55	21.12!",
"80484	45-55	6.56!",
"27391	45-55	16.84!",
"59266	45-55	11.01!",
"28432	45-55	20.32!",
"1760	45-55	1.62!",
"56887	45-55	25.13!",
"31714	45-55	20.04!",
"3648	45-55	18.48!",
"35313	45-55	7.08!",
"96536	45-55	29.62!",
"71064	45-55	11.2!",
"31805	45-55	11.04!",
"56528	45-55	16.06!",
"60768	45-55	11.59!",
"20885	45-55	8.69!",
"79308	45-55	10.08!",
"56401	45-55	16.68!",
"43707	45-55	23.4!",
"18058	45-55	19.37!",
"62657	45-55	18.44!",
"25655	45-55	6.62!",
"87023	45-55	28.81!",
"35250	45-55	7.67!",
"32809	45-55	25.23!",
"7006	45-55	4.92!",
"103546	45-55	17.35!",
"85090	45-55	12.85!",
"20234	45-55	12.11!",
"71743	45-55	13.49!",
"64884	45-55	5.58!",
"5531	45-55	1.24!",
"16926	45-55	16.74!",
"23537	45-55	8.1!",
"95580	45-55	16.15!",
"67383	45-55	18.75!",
"65052	45-55	16.35!",
"44471	45-55	28.15!",
"17864	45-55	19.38!",
"5274	45-55	14.22!",
"103357	45-55	23.51!",
"44681	45-55	7.39!",
"17609	45-55	15.72!",
"47985	45-55	0!",
"57127	45-55	3.48!",
"66604	45-55	16.38!",
"102167	45-55	20.83!",
"88040	45-55	9.2!",
"42562	45-55	6.38!",
"65819	45-55	25.35!",
"15014	45-55	9.3!",
"17218	45-55	20.37!",
"79618	45-55	22.6!",
"33630	45-55	18.83!",
"71926	45-55	23.93!",
"69461	45-55	25.58!",
"26120	45-55	17.88!",
"35303	45-55	22.38!",
"77135	45-55	7.8!",
"100086	45-55	13.44!",
"43844	45-55	18.74!",
"18049	45-55	9.52!",
"63234	45-55	27.8!",
"94440	45-55	14.25!",
"15176	45-55	19.81!",
"2238	45-55	24.63!",
"21399	45-55	21.99!",
"9708	45-55	8.61!",
"18553	45-55	22.69!",
"29595	45-55	10.46!",
"19133	45-55	27.15!",
"15470	45-55	16.47!",
"30864	45-55	21.33!",
"101795	45-55	10.22!",
"84805	45-55	27.07!",
"101548	45-55	6.37!",
"3209	45-55	15!",
"42828	45-55	14.85!",
